Workbook

Sheet Google My Maps Output
A1: Waypoint Name | B1: Description | C1: Lat | D1: Lon
A2: {=_xlfn.XLOOKUP('Source Data'!E1,'Source Data'!$E$1:$J$1,'Source Data'!$E$2:$J$113)} -> SG_BESAR | B2: {=_xlfn.XLOOKUP('Source Data'!G1,'Source Data'!$E$1:$J$1,'Source Data'!$E$2:$J$113)} -> Sungai Besar Stadium | C2: {=_xlfn.XLOOKUP('Source Data'!I1,'Source Data'!$E$1:$J$1,'Source Data'!$E$2:$J$113)} -> 3.6744444 | D2: {=_xlfn.XLOOKUP('Source Data'!J1,'Source Data'!$E$1:$J$1,'Source Data'!$E$2:$J$113)} -> 100.98667
A3: KUALA_SELANGOR | B3: Kuala Selangor Bridge | C3: 3.3405556 | D3: 101.2525
A4: KAPAR | B4: Kapar Junction | C4: 3.1361111 | D4: 101.37583
A5: PORT_KLANG | B5: Pulau Indah Bridge | C5: 3.0322222 | D5: 101.36111
A6: MORIB | B6: Golf Course | C6: 2.7433333 | D6: 101.44639
A7: TJ_SEPAT | B7: Jetty Tanjung Sepat | C7: 2.6591667 | D7: 101.55611
A8: TJ_TUAN_(CAPE_RACHARDO) | B8: Lighthouse | C8: 2.4069444 | D8: 101.85194
A9: SLIM_RIVER | B9: Slim River Hospital | C9: 3.8372222 | D9: 101.40417
A10: TJ_MALIM | B10: Universiti Perguruan Sultan Idris (UPSI) | C10: 3.685 | D10: 101.52389
A11: RAWANG | B11: Lafarge plant | C11: 3.3091667 | D11: 101.57111
A12: BATU_CAVES | B12: Hindu Temple | C12: 3.2375 | D12: 101.68389
A13: SG_BESI | B13: Smart Toll Plaza | C13: 3.1088889 | D13: 101.70222
A14: KAJANG | B14: Stadium | C14: 2.9944444 | D14: 101.78694
... A113: PAGOH | B113: Pagoh | C113: 2.15 | D113: 102.77

Sheet Garmin Output
A1: identifier | B1: type | C1: country-code | D1: comment | E1: lat | F1: lon
A2: {=_xlfn.XLOOKUP('Source Data'!F1,'Source Data'!$F$1:$J$1,'Source Data'!$F$2:$J$113)} -> SGBESR | B2: USER WAYPOINT | D2: {=_xlfn.XLOOKUP('Source Data'!H1,'Source Data'!$F$1:$J$1,'Source Data'!$F$2:$J$113)} -> Sungai Besar Stadium | E2: {=_xlfn.XLOOKUP('Source Data'!I1,'Source Data'!$F$1:$J$1,'Source Data'!$F$2:$J$113)} -> 3.6744444 | F2: {=_xlfn.XLOOKUP('Source Data'!J1,'Source Data'!$F$1:$J$1,'Source Data'!$F$2:$J$113)} -> 100.98667
A3: KLSELA | B3: USER WAYPOINT | D3: Kuala Selangor Bridge | E3: 3.3405556 | F3: 101.2525
A4: KAPAR | B4: USER WAYPOINT | D4: Kapar Junction | E4: 3.1361111 | F4: 101.37583
A5: PTKLNG | B5: USER WAYPOINT | D5: Pulau Indah Bridge | E5: 3.0322222 | F5: 101.36111
A6: MORIB | B6: USER WAYPOINT | D6: Golf Course | E6: 2.7433333 | F6: 101.44639
A7: TJSEPT | B7: USER WAYPOINT | D7: Jetty Tanjung Sepat | E7: 2.6591667 | F7: 101.55611
A8: TJTUAN | B8: USER WAYPOINT | D8: Lighthouse | E8: 2.4069444 | F8: 101.85194
A9: SLMRVR | B9: USER WAYPOINT | D9: Slim River Hospital | E9: 3.8372222 | F9: 101.40417
A10: TJMALM | B10: USER WAYPOINT | D10: Universiti Perguruan Sult | E10: 3.685 | F10: 101.52389
A11: RAWANG | B11: USER WAYPOINT | D11: Lafarge plant | E11: 3.3091667 | F11: 101.57111
A12: BATUCV | B12: USER WAYPOINT | D12: Hindu Temple | E12: 3.2375 | F12: 101.68389
A13: SGBESI | B13: USER WAYPOINT | D13: Smart Toll Plaza | E13: 3.1088889 | F13: 101.70222
A14: KAJANG | B14: USER WAYPOINT | D14: Stadium | E14: 2.9944444 | F14: 101.78694
... A113: PAGOH | B113: USER WAYPOINT | D113: Pagoh | E113: 2.15 | F113: 102.77

Sheet Source Data
A1: Waypoint Name | B1: Waypoint Description | C1: Waypoint Coordinates | D1: UPPERCASE_NAME | E1: Abbreviated Name | F1: G1000 Name | G1: Description | H1: Short Description | I1: Lat | J1: Lon
A2: Sungai Besar | B2: Sungai Besar Stadium | C2: 034028N 1005912E | D2: =SUBSTITUTE(UPPER(A2), " ", "_") -> SUNGAI_BESAR | E2: {=_xlfn.REDUCE(D2, _xlfn.SEQUENCE(ROWS(Abbreviations!$A$2:$A$11)), _xlfn.LAMBDA(_xlpm.text,_xlpm.i, SUBSTITUTE(_xlpm.text, INDEX(Abbreviations!$A$2:$A$11, _xlpm.i), INDEX(Abbreviations!$B$2:$B$11, _xlpm.i))))} -> SG_BESAR | F2: SGBESR | G2: =B2 -> Sungai Besar Stadium | H2: =LEFT(G2,25) -> Sungai Besar Stadium | I2: =(MID(C2,1,2) + MID(C2,3,2)/60 + MID(C2,5,2)/3600) * IF(MID(C2,7,1)="S",-1,1) -> 3.6744444 | J2: =(MID(C2,9,3) + MID(C2,12,2)/60 + MID(C2,14,2)/3600) * IF(MID(C2,16,1)="W",-1,1) -> 100.98667
A3: Kuala Selangor | B3: Kuala Selangor Bridge | C3: 032026N 1011509E | D3: =SUBSTITUTE(UPPER(A3), " ", "_") -> KUALA_SELANGOR | E3: {=_xlfn.REDUCE(D3, _xlfn.SEQUENCE(ROWS(Abbreviations!$A$2:$A$11)), _xlfn.LAMBDA(_xlpm.text,_xlpm.i, SUBSTITUTE(_xlpm.text, INDEX(Abbreviations!$A$2:$A$11, _xlpm.i), INDEX(Abbreviations!$B$2:$B$11, _xlpm.i))))} -> KUALA_SELANGOR | F3: KLSELA | G3: =B3 -> Kuala Selangor Bridge | H3: =LEFT(G3,25) -> Kuala Selangor Bridge | I3: =(MID(C3,1,2) + MID(C3,3,2)/60 + MID(C3,5,2)/3600) * IF(MID(C3,7,1)="S",-1,1) -> 3.3405556 | J3: =(MID(C3,9,3) + MID(C3,12,2)/60 + MID(C3,14,2)/3600) * IF(MID(C3,16,1)="W",-1,1) -> 101.2525
A4: Kapar | B4: Kapar Junction | C4: 030810N 1012233E | D4: =SUBSTITUTE(UPPER(A4), " ", "_") -> KAPAR | E4: {=_xlfn.REDUCE(D4, _xlfn.SEQUENCE(ROWS(Abbreviations!$A$2:$A$11)), _xlfn.LAMBDA(_xlpm.text,_xlpm.i, SUBSTITUTE(_xlpm.text, INDEX(Abbreviations!$A$2:$A$11, _xlpm.i), INDEX(Abbreviations!$B$2:$B$11, _xlpm.i))))} -> KAPAR | F4: KAPAR | G4: =B4 -> Kapar Junction | H4: =LEFT(G4,25) -> Kapar Junction | I4: =(MID(C4,1,2) + MID(C4,3,2)/60 + MID(C4,5,2)/3600) * IF(MID(C4,7,1)="S",-1,1) -> 3.1361111 | J4: =(MID(C4,9,3) + MID(C4,12,2)/60 + MID(C4,14,2)/3600) * IF(MID(C4,16,1)="W",-1,1) -> 101.37583
A5: Port Klang | B5: Pulau Indah Bridge | C5: 030156N 1012140E | D5: =SUBSTITUTE(UPPER(A5), " ", "_") -> PORT_KLANG | E5: {=_xlfn.REDUCE(D5, _xlfn.SEQUENCE(ROWS(Abbreviations!$A$2:$A$11)), _xlfn.LAMBDA(_xlpm.text,_xlpm.i, SUBSTITUTE(_xlpm.text, INDEX(Abbreviations!$A$2:$A$11, _xlpm.i), INDEX(Abbreviations!$B$2:$B$11, _xlpm.i))))} -> PORT_KLANG | F5: PTKLNG | G5: =B5 -> Pulau Indah Bridge | H5: =LEFT(G5,25) -> Pulau Indah Bridge | I5: =(MID(C5,1,2) + MID(C5,3,2)/60 + MID(C5,5,2)/3600) * IF(MID(C5,7,1)="S",-1,1) -> 3.0322222 | J5: =(MID(C5,9,3) + MID(C5,12,2)/60 + MID(C5,14,2)/3600) * IF(MID(C5,16,1)="W",-1,1) -> 101.36111
A6: Morib | B6: Golf Course | C6: 024436N 1012647E | D6: =SUBSTITUTE(UPPER(A6), " ", "_") -> MORIB | E6: {=_xlfn.REDUCE(D6, _xlfn.SEQUENCE(ROWS(Abbreviations!$A$2:$A$11)), _xlfn.LAMBDA(_xlpm.text,_xlpm.i, SUBSTITUTE(_xlpm.text, INDEX(Abbreviations!$A$2:$A$11, _xlpm.i), INDEX(Abbreviations!$B$2:$B$11, _xlpm.i))))} -> MORIB | F6: MORIB | G6: =B6 -> Golf Course | H6: =LEFT(G6,25) -> Golf Course | I6: =(MID(C6,1,2) + MID(C6,3,2)/60 + MID(C6,5,2)/3600) * IF(MID(C6,7,1)="S",-1,1) -> 2.7433333 | J6: =(MID(C6,9,3) + MID(C6,12,2)/60 + MID(C6,14,2)/3600) * IF(MID(C6,16,1)="W",-1,1) -> 101.44639
A7: Tanjung Sepat | B7: Jetty Tanjung Sepat | C7: 023933N 1013322E | D7: =SUBSTITUTE(UPPER(A7), " ", "_") -> TANJUNG_SEPAT | E7: {=_xlfn.REDUCE(D7, _xlfn.SEQUENCE(ROWS(Abbreviations!$A$2:$A$11)), _xlfn.LAMBDA(_xlpm.text,_xlpm.i, SUBSTITUTE(_xlpm.text, INDEX(Abbreviations!$A$2:$A$11, _xlpm.i), INDEX(Abbreviations!$B$2:$B$11, _xlpm.i))))} -> TJ_SEPAT | F7: TJSEPT | G7: =B7 -> Jetty Tanjung Sepat | H7: =LEFT(G7,25) -> Jetty Tanjung Sepat | I7: =(MID(C7,1,2) + MID(C7,3,2)/60 + MID(C7,5,2)/3600) * IF(MID(C7,7,1)="S",-1,1) -> 2.6591667 | J7: =(MID(C7,9,3) + MID(C7,12,2)/60 + MID(C7,14,2)/3600) * IF(MID(C7,16,1)="W",-1,1) -> 101.55611
A8: Tanjung Tuan (Cape Rachardo) | B8: Lighthouse | C8: 022425N 1015107E | D8: =SUBSTITUTE(UPPER(A8), " ", "_") -> TANJUNG_TUAN_(CAPE_RACHARDO) | E8: {=_xlfn.REDUCE(D8, _xlfn.SEQUENCE(ROWS(Abbreviations!$A$2:$A$11)), _xlfn.LAMBDA(_xlpm.text,_xlpm.i, SUBSTITUTE(_xlpm.text, INDEX(Abbreviations!$A$2:$A$11, _xlpm.i), INDEX(Abbreviations!$B$2:$B$11, _xlpm.i))))} -> TJ_TUAN_(CAPE_RACHARDO) | F8: TJTUAN | G8: =B8 -> Lighthouse | H8: =LEFT(G8,25) -> Lighthouse | I8: =(MID(C8,1,2) + MID(C8,3,2)/60 + MID(C8,5,2)/3600) * IF(MID(C8,7,1)="S",-1,1) -> 2.4069444 | J8: =(MID(C8,9,3) + MID(C8,12,2)/60 + MID(C8,14,2)/3600) * IF(MID(C8,16,1)="W",-1,1) -> 101.85194
A9: Slim River | B9: Slim River Hospital | C9: 035014N 1012415E | D9: =SUBSTITUTE(UPPER(A9), " ", "_") -> SLIM_RIVER | E9: {=_xlfn.REDUCE(D9, _xlfn.SEQUENCE(ROWS(Abbreviations!$A$2:$A$11)), _xlfn.LAMBDA(_xlpm.text,_xlpm.i, SUBSTITUTE(_xlpm.text, INDEX(Abbreviations!$A$2:$A$11, _xlpm.i), INDEX(Abbreviations!$B$2:$B$11, _xlpm.i))))} -> SLIM_RIVER | F9: SLMRVR | G9: =B9 -> Slim River Hospital | H9: =LEFT(G9,25) -> Slim River Hospital | I9: =(MID(C9,1,2) + MID(C9,3,2)/60 + MID(C9,5,2)/3600) * IF(MID(C9,7,1)="S",-1,1) -> 3.8372222 | J9: =(MID(C9,9,3) + MID(C9,12,2)/60 + MID(C9,14,2)/3600) * IF(MID(C9,16,1)="W",-1,1) -> 101.40417
A10: Tanjung Malim | B10: Universiti Perguruan Sultan Idris (UPSI) | C10: 034106N 1013126E | D10: =SUBSTITUTE(UPPER(A10), " ", "_") -> TANJUNG_MALIM | E10: {=_xlfn.REDUCE(D10, _xlfn.SEQUENCE(ROWS(Abbreviations!$A$2:$A$11)), _xlfn.LAMBDA(_xlpm.text,_xlpm.i, SUBSTITUTE(_xlpm.text, INDEX(Abbreviations!$A$2:$A$11, _xlpm.i), INDEX(Abbreviations!$B$2:$B$11, _xlpm.i))))} -> TJ_MALIM | F10: TJMALM | G10: =B10 -> Universiti Perguruan Sultan Idris (UPSI) | H10: =LEFT(G10,25) -> Universiti Perguruan Sult | I10: =(MID(C10,1,2) + MID(C10,3,2)/60 + MID(C10,5,2)/3600) * IF(MID(C10,7,1)="S",-1,1) -> 3.685 | J10: =(MID(C10,9,3) + MID(C10,12,2)/60 + MID(C10,14,2)/3600) * IF(MID(C10,16,1)="W",-1,1) -> 101.52389
A11: Rawang | B11: Lafarge plant | C11: 031833N 1013416E | D11: =SUBSTITUTE(UPPER(A11), " ", "_") -> RAWANG | E11: {=_xlfn.REDUCE(D11, _xlfn.SEQUENCE(ROWS(Abbreviations!$A$2:$A$11)), _xlfn.LAMBDA(_xlpm.text,_xlpm.i, SUBSTITUTE(_xlpm.text, INDEX(Abbreviations!$A$2:$A$11, _xlpm.i), INDEX(Abbreviations!$B$2:$B$11, _xlpm.i))))} -> RAWANG | F11: RAWANG | G11: =B11 -> Lafarge plant | H11: =LEFT(G11,25) -> Lafarge plant | I11: =(MID(C11,1,2) + MID(C11,3,2)/60 + MID(C11,5,2)/3600) * IF(MID(C11,7,1)="S",-1,1) -> 3.3091667 | J11: =(MID(C11,9,3) + MID(C11,12,2)/60 + MID(C11,14,2)/3600) * IF(MID(C11,16,1)="W",-1,1) -> 101.57111
A12: Batu Caves | B12: Hindu Temple | C12: 031415N 1014102E | D12: =SUBSTITUTE(UPPER(A12), " ", "_") -> BATU_CAVES | E12: {=_xlfn.REDUCE(D12, _xlfn.SEQUENCE(ROWS(Abbreviations!$A$2:$A$11)), _xlfn.LAMBDA(_xlpm.text,_xlpm.i, SUBSTITUTE(_xlpm.text, INDEX(Abbreviations!$A$2:$A$11, _xlpm.i), INDEX(Abbreviations!$B$2:$B$11, _xlpm.i))))} -> BATU_CAVES | F12: BATUCV | G12: =B12 -> Hindu Temple | H12: =LEFT(G12,25) -> Hindu Temple | I12: =(MID(C12,1,2) + MID(C12,3,2)/60 + MID(C12,5,2)/3600) * IF(MID(C12,7,1)="S",-1,1) -> 3.2375 | J12: =(MID(C12,9,3) + MID(C12,12,2)/60 + MID(C12,14,2)/3600) * IF(MID(C12,16,1)="W",-1,1) -> 101.68389
A13: Sungai Besi | B13: Smart Toll Plaza | C13: 030632N 1014208E | D13: =SUBSTITUTE(UPPER(A13), " ", "_") -> SUNGAI_BESI | E13: {=_xlfn.REDUCE(D13, _xlfn.SEQUENCE(ROWS(Abbreviations!$A$2:$A$11)), _xlfn.LAMBDA(_xlpm.text,_xlpm.i, SUBSTITUTE(_xlpm.text, INDEX(Abbreviations!$A$2:$A$11, _xlpm.i), INDEX(Abbreviations!$B$2:$B$11, _xlpm.i))))} -> SG_BESI | F13: SGBESI | G13: =B13 -> Smart Toll Plaza | H13: =LEFT(G13,25) -> Smart Toll Plaza | I13: =(MID(C13,1,2) + MID(C13,3,2)/60 + MID(C13,5,2)/3600) * IF(MID(C13,7,1)="S",-1,1) -> 3.1088889 | J13: =(MID(C13,9,3) + MID(C13,12,2)/60 + MID(C13,14,2)/3600) * IF(MID(C13,16,1)="W",-1,1) -> 101.70222
... A113: Pagoh | B113: Pagoh | C113: 020900N 1024612E | D113: =SUBSTITUTE(UPPER(A113), " ", "_") -> PAGOH | E113: {=_xlfn.REDUCE(D113, _xlfn.SEQUENCE(ROWS(Abbreviations!$A$2:$A$11)), _xlfn.LAMBDA(_xlpm.text,_xlpm.i, SUBSTITUTE(_xlpm.text, INDEX(Abbreviations!$A$2:$A$11, _xlpm.i), INDEX(Abbreviations!$B$2:$B$11, _xlpm.i))))} -> PAGOH | F113: PAGOH | G113: =B113 -> Pagoh | H113: =LEFT(G113,25) -> Pagoh | I113: =(MID(C113,1,2) + MID(C113,3,2)/60 + MID(C113,5,2)/3600) * IF(MID(C113,7,1)="S",-1,1) -> 2.15 | J113: =(MID(C113,9,3) + MID(C113,12,2)/60 + MID(C113,14,2)/3600) * IF(MID(C113,16,1)="W",-1,1) -> 102.77

Sheet Abbreviations
A1: Text | B1: Abbreviations
A2: SUNGAI | B2: SG
A3: TANJUNG | B3: TJ
A4: KAMPUNG | B4: KG
A5: BUKIT | B5: BT
A6: WEST_OF | B6: WEST
A7: EAST_OF | B7: EAST
A8: SOUTH_OF | B8: SOUTH
A9: NORTH_OF | B9: NORTH
A10: PULAU | B10: P
A11: ISLAND | B11: IS
